[
  {
    "id": "6285849261085@s.whatsapp.net",
    "limit": 68
  },
  {
    "id": "6283173619230@s.whatsapp.net",
    "limit": 16
  },
  {
    "id": "6281269519696@s.whatsapp.net",
    "limit": 3
  },
  {
    "id": "6285828924487@s.whatsapp.net",
    "limit": 2
  },
  {
    "id": "6282147092863@s.whatsapp.net",
    "limit": 2
  },
  {
    "id": "6281376813458@s.whatsapp.net",
    "limit": 6
  },
  {
    "id": "6283141079627@s.whatsapp.net",
    "limit": 7
  },
  {
    "id": "6285752775006@s.whatsapp.net",
    "limit": 10
  },
  {
    "id": "6283155617283@s.whatsapp.net",
    "limit": 7
  },
  {
    "id": "6285821090005@s.whatsapp.net",
    "limit": 4
  },
  {
    "id": "6283862441696@s.whatsapp.net",
    "limit": 1
  },
  {
    "id": "6289501060783@s.whatsapp.net",
    "limit": 1
  },
  {
    "id": "6285853960298@s.whatsapp.net",
    "limit": 11
  },
  {
    "id": "6289516193083@s.whatsapp.net",
    "limit": 0
  }
]